dong_code,dong,category,total_amount,avg_monthly_amount,total_count,total_customer,avg_living_pop,avg_work_pop,avg_time_pop,avg_inflow_pop,avg_total_demand_pop,external_ratio,store_count,amount_growth_24_vs_23,group,store_count_adj,sales_shortage,pop_shortage,amount_score,pop_score,growth_score,external_score,sales_shortage_score,location_score,grade,reason
47190250,선산읍,제과점/아이스크림,4663298000,388608166.6666667,460439,407144,0.0,0.0,0.0,461938.61333333334,69290.792,0.6086172546363011,1.0,0,카페,1.0,4663298000.0,69290.792,0.04855259182900766,0.33443853695424525,0,0.07906476551292566,0.37855682492630754,0.1869,낮음,특징 약함
47190253,고아읍,제과점/아이스크림,9138571000,761547583.3333334,828240,745995,0.0,0.0,0.0,928399.6541666667,139259.948125,0.5886830251226343,8.0,0,카페,8.0,1142321375.0,17407.493515625,0.0951853844174989,0.7136613339260705,0,0.03215893088184517,0.09231874484297033,0.274,낮음,수요인구 높음
47190256,산동읍,제과점/아이스크림,6590595000,549216250.0,734151,620187,0.0,0.0,0.0,1046164.5083333334,156924.67625,0.6405157661342632,9.0,0,카페,9.0,732288333.3333334,17436.07513888889,0.06863521947148252,0.8094016283401095,0,0.15412291131561245,0.058985075489968675,0.298,낮음,수요인구 높음
47190320,옥성면,제과점/아이스크림,35871000,2989250.0,2509,1960,0.0,0.0,0.0,319643.35833333334,47946.50375,0.7106341735153627,0.0,0,카페,0.5,71742000.0,95893.0075,0.0003343393314763881,0.21875555408279984,0,0.31911360829528174,0.005285907788330941,0.0985,낮음,특징 약함
47190330,도개면,제과점/아이스크림,271741000,22645083.333333332,41197,33307,0.0,0.0,0.0,147117.55166666667,22067.63275,0.7181484234105021,0.0,0,카페,0.5,543482000.0,44135.2655,0.0027921283396212387,0.07849578268351949,0,0.33679486167487055,0.04363604932001847,0.065,낮음,특징 약함
47190340,해평면,제과점/아이스크림,107773000,8981083.333333334,7007,5931,0.0,0.0,0.0,188509.68416666667,28276.452625,0.6437243949127411,0.0,0,카페,0.5,215546000.0,56552.90525,0.0010835653681221297,0.11214669644736988,0,0.16167291021437236,0.016976465622779564,0.0528,낮음,특징 약함
47190360,장천면,제과점/아이스크림,126661000,10555083.333333334,9573,7444,0.0,0.0,0.0,204305.31916666668,30645.797875,0.6956736602747936,0.0,0,카페,0.5,253322000.0,61291.59575,0.0012803802186153671,0.12498820808560829,0,0.283911075908609,0.020047468604296986,0.0695,낮음,특징 약함
47190510,송정동,제과점/아이스크림,5384439000,448703250.0,605365,523759,0.0,0.0,0.0,1017335.6691666666,152600.350375,0.628566690252436,9.0,0,카페,9.0,598271000.0,16955.594486111113,0.05606695322775521,0.7859644019370144,0,0.12600638055514554,0.04809012551533714,0.2808,낮음,수요인구 높음
47190535,원평동,제과점/아이스크림,8205684000,683807000.0,868984,740553,0.0,0.0,0.0,1166718.1283333332,175007.71925,0.6843169155776087,16.0,0,카페,16.0,512855250.0,10937.982453125,0.08546460850516913,0.9074091294163101,0,0.2571883180338518,0.04114624519665473,0.3426,낮음,수요인구 높음
47190551,도량동,제과점/아이스크림,2710685000,225890416.66666666,336494,308097,0.0,0.0,0.0,653572.9141666667,98035.937125,0.5766637613365334,11.0,0,카페,11.0,246425909.0909091,8912.357920454546,0.02820616893266331,0.49023310326556685,0,0.0038772458961446035,0.019486850334955782,0.1631,낮음,특징 약함
47190555,지산동,제과점/아이스크림,937089000,78090750.0,73894,62889,0.0,0.0,0.0,304264.10000000003,45639.615,0.6767123590532448,0.0,0,카페,0.5,1874178000.0,91279.23,0.009725121094067162,0.2062525477221834,0,0.23929457047114994,0.15181508848491962,0.113,낮음,특징 약함
47190565,선주원남동,제과점/아이스크림,13874317000,1156193083.3333333,1227416,1061936,0.0,0.0,0.0,1280609.05,192091.3575,0.6485814650926115,7.0,0,카페,7.0,1982045285.7142856,27441.6225,0.14453233173664057,1.0,0,0.17310174073387427,0.16058416821905672,0.4064,검토 가능,수요인구 높음
47190582,형곡1동,제과점/아이스크림,4246663000,353888583.3333333,464512,409203,0.0,0.0,0.0,605798.9775,90869.846625,0.6280318130345038,5.0,0,카페,5.0,849332600.0,18173.969325000002,0.04421121342815791,0.4513939199272924,0,0.12474779856104062,0.06850019863436864,0.1781,낮음,특징 약함
47190583,형곡2동,제과점/아이스크림,3435629000,286302416.6666667,305978,276435,0.0,0.0,0.0,374242.2575,56136.338625000004,0.6027603223877033,0.0,0,카페,0.5,6871258000.0,112272.67725000001,0.035760157972051794,0.2631432851922966,0,0.06528322982277909,0.5580531120681755,0.1853,낮음,특징 약함
47190590,신평1동,제과점/아이스크림,2395115000,199592916.66666666,249642,209533,0.0,0.0,0.0,463408.4708333334,69511.27062499999,0.6451746400720627,2.0,0,카페,2.0,1197557500.0,34755.635312499995,0.02491789794737366,0.3356334994988217,0,0.16508538018573618,0.09680917010140078,0.1429,낮음,특징 약함
47190600,신평2동,제과점/아이스크림,67727000,5643916.666666667,5114,4515,0.0,0.0,0.0,52005.9375,7800.890625,0.6675094054334223,3.0,0,카페,3.0,22575666.666666668,2600.296875,0.0006662820399321577,0.0011720853296054317,0,0.21763974702723685,0.0012889267353622296,0.0226,낮음,특징 약함
47190610,비산동,제과점/아이스크림,1966924000,163910333.33333334,263906,240083,0.0,0.0,0.0,435298.2608333333,65294.739125,0.5956374111169604,3.0,0,카페,3.0,655641333.3333334,21764.913041666667,0.020456104869887963,0.3127805031572169,0,0.048522807859730045,0.05275405141319067,0.1158,낮음,특징 약함
47190630,광평동,제과점/아이스크림,247672000,20639333.333333332,40580,29301,0.0,0.0,0.0,460610.4166666667,69091.5625,0.7086122516753561,4.0,0,카페,4.0,61918000.0,17272.890625,0.002541326950563544,0.33335874162136564,0,0.31435596610001665,0.004487264912154873,0.1333,낮음,특징 약함
47190645,상모사곡동,제과점/아이스크림,6668797000,555733083.3333334,744886,652794,0.0,0.0,0.0,620575.7108333333,93086.356625,0.6456857672017391,11.0,0,카페,11.0,606254272.7272727,8462.396056818181,0.06945009213869303,0.463407086417601,0,0.1662880775161558,0.04873912631869698,0.1942,낮음,특징 약함
47190660,임오동,제과점/아이스크림,1788339000,149028250.0,196797,172046,0.0,0.0,0.0,732924.2541666668,109938.638125,0.7105645717259477,3.0,0,카페,3.0,596113000.0,36646.21270833333,0.018595231295378493,0.5547440365784608,0,0.31894983321573367,0.04791469073044423,0.2139,낮음,특징 약함
47190670,인동동,제과점/아이스크림,9571309000,797609083.3333334,1214486,1044137,0.0,0.0,0.0,975326.4133333334,146298.962,0.6475258632038019,22.0,0,카페,22.0,435059500.0,6649.952818181818,0.09969455769009222,0.7518117801717302,0,0.17061787810959714,0.034821833395527454,0.2927,낮음,수요인구 높음
47190680,진미동,제과점/아이스크림,6153794000,512816166.6666667,648041,542161,0.0,0.0,0.0,1160357.7366666666,174053.6605,0.6740844779570625,0.0,0,카페,0.5,12307588000.0,348107.321,0.06408370933222497,0.902238267744003,0,0.23311108813273498,1.0,0.4728,검토 가능,수요인구 높음 + 공급 대비 소비 부족
47190690,양포동,제과점/아이스크림,9982617000,831884750.0,1191606,1023884,0.0,0.0,0.0,949268.1266666666,142390.21899999998,0.6255801196052149,13.0,0,카페,13.0,767893615.3846154,10953.093769230767,0.10398042821776442,0.7306269533823954,0,0.11897889104036156,0.06187960977992145,0.2872,낮음,수요인구 높음
47190700,공단동,제과점/아이스크림,1220567000,101713916.66666667,167746,131644,0.0,0.0,0.0,1097918.0374999999,164687.705625,0.7464286076807333,1.0,0,카페,1.0,1220567000.0,164687.705625,0.012678990227279889,0.8514761348169725,0,0.4033389759485874,0.09867972926868225,0.3163,낮음,수요인구 높음
